,ID_Composant,REF,DESCRIPTION,FAMILLE,S_FAMILLE,GAMME,MODELE,HSP,MARQUE,NATURE,FONCTION,TYPE_EQP,PUHT,NBU,DOS_IMG,DOS_DOC,FIC_IMG,FIC_DOC,MODULE,NBPORTS,EQP,INFOTEL _Role,INFOTEL_Famille,INFOTEL_Composante,INFOTEL_Nomenclature,ACTIF,DATE_CREATION,INFOTEL_Carte_Nomenclature,OS
0, 8DG59248AA, 8DG59248AA,44 CHANNEL OPTICAL MUX/DEMUX,WDM,PSS,1830,44_MUX_DEMUX,HARDWARE,ALCATEL-LUCENT,CARTE,OPTICAL TRANSPONDERS AND UPLINK,PSS,0,,,,,,,,,NoAXE,DWDM Multiplexer,W,TELECOM,False,,,
1, 8DG59423AA, 8DG59423AA,DCM - SMF 10KM,WDM,PSS,1830,,HARDWARE,ALCATEL-LUCENT,ACCESSOIRE,SFP,PSS,0,,,,,,,,,,,,,False,,,
2, 8DG59912AA, 8DG59912AA,FAN UNIT PSS-16,WDM,PSS,1830,,HARDWARE,ALCATEL-LUCENT,ACCESSOIRE,VENTILATION,PSS,0,,,,,,,,,,,,,False,,,
3, 8DG60094AA, 8DG60094AA,USER INTERFACE CARD PSS-16,WDM,PSS,1830,USER_INTERFACE,HARDWARE,ALCATEL-LUCENT,CARTE,INTERFACE,PSS,0,,,,,,,,,NoAXE,DWDM Multiplexer,W,TELECOM,False,,,
4, 8DG60175BA, 8DG60175BA,PSS-16 DC PF MANAGED (20A) W/V MONITORING,WDM,PSS,1830,6DC_PF_MANAGED,HARDWARE,ALCATEL-LUCENT,CARTE,CONTROLEUR,PSS,0,,,,,,,,,NoAXE,DWDM Multiplexer,W,TELECOM,False,,,
5, 8DG60349AA, 8DG60349AA,11G QUAD PORT PLUGGABLE ANYRATE (4 CLIENT),WDM,PSS,1830,4P11G,HARDWARE,ALCATEL-LUCENT,CARTE,INTERFACE,PSS,0,,,,,,,,,NoAXE,DWDM Multiplexer,W,TELECOM,False,,,
6,1AB373110001,SS-16.2O,OC3/STM1 PIN SFP (1510nm) with DDM,WDM,PSS,1830,SS-16.2O,HARDWARE,ALCATEL-LUCENT,SFP,PLUGGABLES,PSS,155,,,,,,,,,NoAXE,DWDM Multiplexer,W,INUIT-WDM,False,,,
7,1AB373120001,SL-16.2O,OC3/STM1 APD SFP (1510nm) with DDM,WDM,PSS,1830,SL-16.2O,HARDWARE,ALCATEL-LUCENT,SFP,PLUGGABLES,PSS,205,,,,,,,,,NoAXE,DWDM Multiplexer,W,INUIT-WDM,False,,,
8,1AB373120002,SUL-1.2O,OC3/STM1 APD ULHSFP (1510nm),WDM,PSS,1830,SUL-1.2O,HARDWARE,ALCATEL-LUCENT,SFP,PLUGGABLES,PSS,251,,,,,,,,,NoAXE,DWDM Multiplexer,W,INUIT-WDM,False,,,
9,1AB373120004,1AB373120004,SFP-EULH OSC 1510 APD,,,,,,ALCATEL-LUCENT,SFP,,,0,,,,,,,,,,,,,False,,,
10,1AB375380001,10GB-SR,XFP 10BASE-SR  (B&W 10G-BASE-SR DDM (850nm),WDM,PSS,1830,10GBASE-SR,HARDWARE,ALCATEL-LUCENT,SFP,PLUGGABLES,PSS,192,,,,,,,,,NoAXE,DWDM Multiplexer,W,INUIT-WDM,False,,,
11,1AB375380003,XS-64.2b,XFP S-64.2B/10GBE BASE-EX (B&W Multirate 11G(STM64/OC-192/OTU-2/10GBASE-EX) DDM (1550nm),WDM,PSS,1830,10GBE BASE XFP-EX,HARDWARE,ALCATEL-LUCENT,SFP,PLUGGABLES,PSS,350,,,,,,,,,NoAXE,DWDM Multiplexer,W,INUIT-WDM,False,,,
12,1AB375380011,1AB375380011,ALU XFP 10GBASE-SR/W 8GFC -40/+85,WDM,PSS,1830,,,ALCATEL-LUCENT,SFP,,,0,,,,,,,,,,,,,False,,,
13,1AB375380013,1AB375380013,ALU XFP I-64.1/10GBE BASE-L,WDM,PSS,1830,ALU XFP I-64.1/10GBE BASE-L,HARDWARE,ALCATEL-LUCENT,SFP,PLUGGABLES,PSS,0,,,,,,,,,NoAXE,DWDM Multiplexer,W,INUIT-WDM,False,,,
14,1AB375650046,XL-64TU,XFP DWDM Tunable CT (50GHz 10G XFP),WDM,PSS,1830,10GBE BASEXFP 850NM,HARDWARE,ALCATEL-LUCENT,SFP,PLUGGABLES,PSS,2426,,,,,,,,,NoAXE,DWDM Multiplexer,W,INUIT-WDM,False,,,
15,1AB376350001,1AB376350001,,,,,,,,,,,0,,,,,,,,,,,,,False,,,
16,1AB376720001,1000B-SX,SFP GBE SX -40/+85 (B&W 1GbE DDM 850nm 1000BASE-SX),WDM,PSS,1830,1000BASE-SX,HARDWARE,ALCATEL-LUCENT,SFP,PLUGGABLES,PSS,21,,,,,,SFP - GBE SX -40/+85 - B&W 1GbE DDM 850nm,,,NoAXE,DWDM Multiplexer,W,INUIT-WDM,False,,,
17,1AB376720003,1000B-ZX,SFP GBE ZX -40/+85 (B&W 1GbE DDM 1550nm (1000BASE-ZX),WDM,PSS,1830,SFP 1000BASE-ZX,HARDWARE,ALCATEL-LUCENT,SFP,PLUGGABLES,PSS,62,,,,,,SFP GBE ZX -40/+85,,,NoAXE,DWDM Multiplexer,W,INUIT-WDM,False,,,
18,1AB394040003,1AB394040003,,,,,,,,,,,0,,,,,,,,,,,,,False,,,
19,1AB396080001,fVOA,F-eVOA SFP,WDM,PSS,1830,F-eVOA SFP,HARDWARE,ALCATEL-LUCENT,SFP,PLUGGABLES,PSS,986,,,,,,,,,NoAXE,DWDM Multiplexer,W,INUIT-WDM,False,,,
20,3AL82068AA,3AL82068AA,,,,,,,,,,,0,,,,,,,,,,,,,False,,,
21,3HE00027CA,SFP GE SX,SFP - GIGE SX - LC ROHS 6/6 DDM -40/85C,MPLS,PE,7705,SFP+ 1GBASE-SX,HARDWARE,ALCATEL-LUCENT,SFP,SFP GE SX,PE,52,,,,,,SFP - GIGE SX - LC ROHS 6/6 DDM -40/85C,,,PE,Router,WPR,TELECOM,False,,,
22,3HE00028CA,SFP GE LX,SFP - GIGE LX - LC ROHS 6/6 DDM -40/85C,MPLS,PE,7705,SFP+ 1GBASE-LX,HARDWARE,ALCATEL-LUCENT,SFP,SFP GE LX,PE,152,,,,,,SFP - GIGE LX - LC ROHS 6/6 DDM -40/85C,,,PE,Router,WPR,TELECOM,False,,,
23,3HE00029CA,SFP GE ZX,SFP - GIGE ZX - LC ROHS 6/6 DDM -40/85C,MPLS,PE,7705,SFP+ 1GBASE-ZX,HARDWARE,ALCATEL-LUCENT,SFP,SFP GE ZX,PE,764,,,,,,SFP - GIGE ZX - LC ROHS 6/6 DDM -40/85C,,,PE,Router,WPR,TELECOM,False,,,
24,3HE00062CB,SFP GIGE ETX,SFP - GIGE BASE-T RJ45 R6/6 DDM -40/85C,MPLS,PE,77,SFP GIGE ETX,HARDWARE,ALCATEL-LUCENT,SFP,SFP GIGE ETX,PE,0,,,,,,SFP - GIGE BASE-T RJ45 R6/6 DDM -40/85C,,,PE,Router,WPR,TELECOM,False,,,
25,3HE00177PA,3HE00177PA,SPI 7750 OS V13.0.R6,MPLS,PE,,2GB Compact Flash card,HARDWARE,ALCATEL-LUCENT,CARTE,MÉMOIRE,PE,0,,,,,,SPI 7750 OS V13.0.R6,,,PE,MÉMOIRE,WPR,TELECOM,False,,,
26,3HE00183CA,3HE00183CA,CH-BN -7750 SR-12 w/PEM3 + EFT,MPLS,PE,7750,7750 SR-12,HARDWARE,ALCATEL-LUCENT,CHASSIS,SR12,PE,0,,,,,,,,1.0,PE,Router,WPR,INUIT-PE,False,,,TiMOS-C-19.10.R8
27,3HE00272DB,3HE00272DB,Châssis 7750 SR-7 + SFM5/CPM5,MPLS,PE,7750,7750 SR-7,HARDWARE,ALCATEL-LUCENT,CHASSIS,SR7,PE,0,,,,,,,,1.0,PE,Router,WPR,INUIT-PE,False,,,TiMOS-C-19.10.R8
28,3HE00564CA,XFP 10GE LR,XFP - 10GE LR - LC ROHS 6/6 0/70C,MPLS,PE,77,XFP 10GE LR,HARDWARE,ALCATEL-LUCENT,SFP,XFP 10GE LR,PE,611,,,,,,,,,,,,,False,,,
29,3HE00566CA,XFP 10GE SR,XFP - 10GE SR - LC ROHS 6/6,MPLS,PE,77,XFP 10GE SR,HARDWARE,ALCATEL-LUCENT,SFP,XFP 10GE SR,PE,458,,,,,,,,,,,,,False,,,
30,3HE00867CA,SFP GE EX,SFP - GIGE EX - LC ROHS 6/6 DDM -40/85C,MPLS,PE,77,SFP+ 1GBASE-EX,HARDWARE,ALCATEL-LUCENT,SFP,SFP GE EX,PE,305,,,,,,SFP - GIGE EX - LC ROHS 6/6 DDM -40/85C,,,PE,Router,WPR,TELECOM,False,,,
31,3HE01389CA,SFP GE EZX,SFP - GIGE EZX - LC ROHS 6 6 DDM -40 85C,MPLS,PE,77,SFP GIGE EZX,HARDWARE,ALCATEL-LUCENT,SFP,SFP GE EZX,PE,0,,,,,,SFP - GIGE EZX - LC ROHS 6/6 DDM -40/85C,,,PE,Router,WPR,TELECOM,False,,,
32,3HE02774AB,CSM SAR 8,Carte CSM pour 7705 SAR-8,MPLS,PE,7705,CSMV2_SAR-8,HARDWARE,ALCATEL-LUCENT,CARTE,CONTROLEUR,PE,862,1.0,1.0,2.0,3HE02774AB.Png,7705 SAR-8 Chassis Installation Guide R6.0.R1.pdf,Carte CSM pour 7705 SAR-8,2.0,,PE,CONTROLEUR,WPR,TELECOM,False,,,
33,3HE02784FA,R6.0,SAR-8 R6.0 OS,MPLS,PE,7705,SAR8,SOFTWARE,ALCATEL-LUCENT,OS,R6.0,PE,209,,,,,,SAR-8 R6.0 OS,0.0,,,,,,False,,,
34,3HE03126AA,6PE&M,Carte 6 Port E&M,MPLS,PE,7705,MDA-6 PORTS E&M,HARDWARE,ALCATEL-LUCENT,CARTE,6PE&M,PE,1035,1.0,1.0,2.0,3HE03126AA.PNG,,Carte TAC ANA 6 x ports E&M,6.0,,PE,TELECOM,WPR,TELECOM,False,,,
35,3HE03391AA,12PSDI,Carte 12 Port SERIAL DATA CARD,MPLS,PE,7705,MDA-12 PORTS SERIAL DATA INTERF,HARDWARE,ALCATEL-LUCENT,CARTE,12PSDI,PE,1479,1.0,1.0,2.0,3HE03391AA.PNG,,Carte TAC NUM 12 ports SDI,12.0,,PE,Router,WPR,TELECOM,False,,,
36,3HE03391AB,3HE03391AB,Carte 12 Port SERIAL DATA CARD,MPLS,PE,7705,MDA-12 PORTS SERIAL DATA INTERF,HARDWARE,ALCATEL-LUCENT,CARTE,12PSERIAL,PE,0,,,,,,Carte 12 Port SERIAL DATA CARD,12.0,,PE,Router,WPR,TELECOM,False,,,
37,3HE03391AC,3HE03391AC,Carte 12 Port SERIAL DATA CARD,MPLS,PE,7705,MDA-12 PORTS SERIAL DATA INTERF V3,HARDWARE,ALCATEL-LUCENT,CARTE,12PSERIAL,PE,0,,,,3HE03391AC.PNG,,Carte 12 Port SERIAL DATA CARD,12.0,,PE,Router,WPR,TELECOM,False,,,
38,3HE03603NA,3HE03603NA,License SAM pour SAR-8 (châssis + 2 x MDA/XMDA) (R12),MPLS,PE,7705,SAR8,SOFTWARE,ALCATEL-LUCENT,LICENCE,SAM,PE,631,,,,,,License SAM pour SAR-8 (châssis + 2 x MDA/XMDA) (R12),0.0,,,,,,False,,,
39,3HE03603PA,SAM SAR8,5620 SAM-E A P R13 LICENSE - 7705 SAR-8,MPLS,PE,7705,SAR8,SOFTWARE,ALCATEL-LUCENT,LICENCE,SAM,PE,0,,,,,,,,,,,,,False,,,
40,3HE03605NA,SAM MDA SAR8/18 (R12),License SAM additionnelle pour carte MDA SAR-8/18 (R12),MPLS,PE,7705,SAR,SOFTWARE,ALCATEL-LUCENT,LICENCE,SAM,PE,108,,,,,,License SAM additionnelle pour carte MDA SAR-8/18 (R12),0.0,,,,,,False,,,
41,3HE03611AA,10P GE MDA,MDA - 7750 10-PT GE MDA-XP SFP,MPLS,PE,77,10PGE,HARDWARE,ALCATEL-LUCENT,CARTE,10PGE MDA,PE,0,,,,,,,,,,TELECOM,WPR,TELECOM,False,,,
42,3HE03663AA,3HE03663AA,PEM - 7750 SR-12 175A DC PEM-3,MPLS,PE,,,HARDWARE,ALCATEL-LUCENT,MODULE,,,0,,,,,,,,,,,,,False,,,
43,3HE04508AB,X.21,X.21 Cable - 2M,MPLS,PE,7705,X.21,HARDWARE,ALCATEL-LUCENT,CABLE,X.21,PE,123,,,,,,CABLE X.21,,,PE,Router,WPR,TELECOM,False,,,
44,3HE04512BA,6PX21,6 PORT X.21 DISTRIBUTION PANEL V2,MPLS,PE,7705,X.21 DISTRIBUTION PANEL,HARDWARE,ALCATEL-LUCENT,PANEL,6PX21,PE,271,,,,,,PANNEAU X.21,,,PE,Router,WPR,TELECOM,False,,,
45,3HE04708AA,MEM FLASH,Mémoire Flash pour 7750 & 7705,MPLS,PE,77,2GB Compact Flash card,HARDWARE,ALCATEL-LUCENT,CARTE,MÉMOIRE,PE,561,,,,,,Mémoire Flash pour 7750 & 7705,0.0,,PE,MÉMOIRE,WPR,MÉMOIRE,False,,,
46,3HE04823AA,SFP 10GE LR,SFP+  10GE LR - LC ROHS6/6 0/70C,MPLS,PE,7705,SFP 10GIGE LR,HARDWARE,ALCATEL-LUCENT,SFP,SFP 10GE LR,PE,611,,,,,,SFP+  10GE LR - LC ROHS6/6 0/70C,,,PE,Router,WPR,TELECOM,False,,,
47,3HE04824AA,SFP 10GE SR,SFP+  10GE SR - LC ROHS6/6 0/70C,MPLS,PE,7750,SFP+ 10GBASE-SR,HARDWARE,ALCATEL-LUCENT,SFP,SFP 10GE SR,PE,458,,,,,,SFP+  10GE SR - LC ROHS6/6 0/70C,,,PE,Router,WPR,TELECOM,False,,,
48,3HE04991AA,3HE04991AA,Châssis 7705 SAR-18,MPLS,PE,7705,7705SAR-18,HARDWARE,ALCATEL-LUCENT,CHASSIS,SAR18,PE,2465,10.0,1.0,2.0,3HE04991AA.png,7705 SAR-18 Chassis Installation Guide R6.0.R1.pdf,Châssis 7705 SAR-18,18.0,1.0,PE,Router,WPR,INUIT-PE,False,,,TiMOS-B-8.0.R7
49,3HE04992AA,CSM SAR 18,Carte CSM pour 7705 SAR-18,MPLS,PE,7705,CSM_SAR-18,HARDWARE,ALCATEL-LUCENT,CARTE,CONTROLEUR,PE,1849,1.5,1.0,2.0,3HE04992AA.png,7705 SAR-18 Chassis Installation Guide R6.0.R1.pdf,Carte CSM pour 7705 SAR-18,2.0,,PE,CONTROLEUR,WPR,TELECOM,False,,,
50,3HE04993AA,FAN SAR18,FAN pour SAR-18,MPLS,PE,7705,FAN_SAR-18,HARDWARE,ALCATEL-LUCENT,MODULE,VENTILATION,PE,616,,,,,,FAN pour SAR-18,0.0,,PE,Router,WPR,TELECOM,False,,,
51,3HE04994AA,ALARME SAR18,Module Alarme pour SAR-18,MPLS,PE,7705,ALARME_SAR-18,HARDWARE,ALCATEL-LUCENT,MODULE,ALARME,PE,123,2.0,1.0,2.0,3HE04994AA.png,,Module Alarme pour SAR-18,2.0,,PE,Router,WPR,TELECOM,False,,,
52,3HE04995AA,AIR FILTER SAR18,SAR-18 AIR FILTERS (4 PACK),MPLS,PE,7705,SAR18,HARDWARE,ALCATEL-LUCENT,MODULE,VENTILATION,PE,0,,,,,,,,,,,,,False,,,
53,3HE05036AA,SFP 10GE ER,SFP+  10GE ER - LC ROHS6/6 0/70C,MPLS,PE,7705,SFP+ 10GBASE-ER,HARDWARE,ALCATEL-LUCENT,SFP,SFP 10GE ER,PE,1835,,,,,,SFP+  10GE ER - LC ROHS6/6 0/70C,,,PE,Router,WPR,TELECOM,False,,,
54,3HE05106AA,3HE05106AA,FAN - 7750 SR-12 Enhanced Fan Tray,MPLS,PE,,,HARDWARE,ALCATEL-LUCENT,MODULE,,,0,,,,,,,,,,,,,False,,,
55,3HE05574CA,OS SAR18 R6,SAR-18 R6.0 OS,MPLS,PE,7705,SAR18,SOFTWARE,ALCATEL-LUCENT,OS,R6.0,PE,369,,,,,,SAR-18 R6.0 OS,0.0,,,,,,False,,,
56,3HE05894AA,SFP 10GE ZR,SFP+ 10GE ZR - LC ROHS6/6 0/70C,MPLS,PE,7705,SFP+ 10GBASE-ZR,HARDWARE,ALCATEL-LUCENT,SFP,SFP 10GE ZR,PE,3059,,,,,,SFP+  10GE ZR - LC ROHS6/6 0/70C,,,PE,Router,WPR,TELECOM,False,,,
57,3HE05898BA,IMM 5P 10GE,IMM - 7X50 5-PT 10GE XFP - L3BQ,MPLS,PE,7750,IMM_5P_10GE,HARDWARE,ALCATEL-LUCENT,CARTE,IMM 5P 10GE,PE,0,,,,,,,,,,TELECOM,WPR,TELECOM,True,2018-07-30 15:53:56,,
58,3HE06006AA,8POPT,Carte 8 Ports optiques  Voix & Teleprotection,MPLS,PE,7705,8POPT,HARDWARE,ALCATEL-LUCENT,CARTE,8POPT,PE,1356,,,,,,,,,,TELECOM,WPR,TELECOM,False,,,
59,3HE06151AB,8P1G,8 PORT GE SFP CARD V2 (-48/+24 VDC),MPLS,PE,7705,MDA-8 PORTS GBE,HARDWARE,ALCATEL-LUCENT,CARTE,8P1G,PE,0,,,,,,,,,,TELECOM,WPR,TELECOM,False,,,
60,3HE06151AC,8P1G,MDA-8 PORTS GBE,MPLS,PE,7705,MDA-8 PORTS GBE,HARDWARE,ALCATEL-LUCENT,CARTE,8P1G,PE,2144,1.0,1.0,2.0,3HE06151AC.png,,MDA-8 PORTS GBE,8.0,,PE,Router,WPR,TELECOM,False,,,
61,3HE06153AA,3HE06153AA,Carte XDMA 1 port 10G ou 10 ports 1G,MPLS,PE,7705,XDMA-1 PORT 10G / 10 PORTS 1G,HARDWARE,ALCATEL-LUCENT,CARTE,1P10G/10P1G,PE,8629,1.5,1.0,2.0,3HE06153AA.png,,Carte XDMA 1 port 10G ou 10 ports 1G,10.0,,PE,Router,WPR,TELECOM,False,,,
62,3HE06153AC,3HE06153AC,Carte XDMA 1 port 10G ou 10 ports 1G,MPLS,PE,7705,1P10G/10P1G,HARDWARE,ALCATEL-LUCENT,CARTE,1P10G/10P1G,PE,8629,1.5,1.0,2.0,3HE06153AA.png,,Carte XDMA 1 port 10G ou 10 ports 1G,10.0,,PE,Router,WPR,TELECOM,False,,,
63,3HE06290AA,IMM VPRN,RTU - 7X50 IMM 50G FULL VPRN LIC,MPLS,PE,7750,SR7,SOFTWARE,ALCATEL-LUCENT,LICENCE,IMM VPRN,PE,0,,,,,,,,,,,,,False,,,
64,3HE06291AA,IMM VPRN,RTU - 7X50 IMM 100G FULL VPRN LIC,MPLS,PE,7750,SR7,SOFTWARE,ALCATEL-LUCENT,LICENCE,IMM VPRN,PE,0,,,,,,,,,,,,,True,2018-07-30 15:57:22,,
65,3HE06430AA,IMM 5P 10GE,IMM - 7X50 5-PT 10GE XFP - L3HQ,MPLS,PE,7750,IMM_5P_10GE,HARDWARE,ALCATEL-LUCENT,CARTE,IMM 5P 10GE,PE,0,,,,,,,,,,TELECOM,WPR,TELECOM,False,,,
66,3HE06550NA,3HE06550NA,License SAM pour SAR-18 (châssis + 2 x MDA/XMDA) (R12),MPLS,PE,7705,SAR18,SOFTWARE,ALCATEL-LUCENT,LICENCE,SAM,PE,918,,,,,,License SAM pour SAR-18 (châssis + 2 x MDA/XMDA) (R12),0.0,,,,,,False,,,
67,3HE06551NA,SAM SAR8/18 XMDA R12,5620 SAM-EAP R12 ADDL 7705 SAR-8/18 XMDA,MPLS,PE,7705,SAR18,SOFTWARE,ALCATEL-LUCENT,LICENCE,SAM,PE,573,,,,,,License SAM additionnelle pour carte XMDA SAR-8/18 (R12),0.0,,,,,,False,,,
68,3HE06789AA,2P 10GE,2 PORT 10GIGE (RING) XFP CARD,MPLS,PR,7705,2P 10GE,HARDWARE,ALCATEL-LUCENT,CARTE,2P 10GE,,0,,,,,,,,,,,,,False,,,
69,3HE06791AA,3HE06791AA,Châssis 7705 SAR-8,MPLS,PE,7705,7705SAR-8,HARDWARE,ALCATEL-LUCENT,CHASSIS,SAR8,PE,295,2.0,1.0,2.0,3HE06791AA.png,7705 SAR-8 Chassis Installation Guide R6.0.R1.pdf,Châssis 7705 SAR-8,8.0,1.0,PE,Router,WPR,INUIT-PE,False,,,TiMOS-B-8.0.R7
70,3HE06792AA,FAN SAR8,FAN pour SAR-8,MPLS,PE,7705,FAN_SAR-8,HARDWARE,ALCATEL-LUCENT,CARTE,VENTILATION,PE,147,3.0,1.0,,3HE06792AA.png,,FAN pour SAR-8,0.0,,PE,Router,WPR,TELECOM,False,,,
71,3HE06792EA,3HE06792EA,FAN MODULE (SAR-8 V2) EXT. TEMP -48VDC,MPLS,PE,7705,FAN_SAR-8,HARDWARE,ALCATEL-LUCENT,MODULE,VENTILATION,PE,0,,,,,,FAN MODULE (SAR-8 V2) EXT. TEMP -48VDC,,,PE,Router,WPR,TELECOM,False,,,
72,3HE07158BA,12P10G,Carte 12 x ports 10G + license L3BQ,MPLS,PE,7750,12P10G,HARDWARE,ALCATEL-LUCENT,CARTE,12P10G,PE,50500,1.0,1.0,,3HE07158BA.PNG,,,,,,TELECOM,WPR,TELECOM,False,,,
73,3HE07943AA,2P10G4P1G,Carte a6-eth-10G,MPLS,PE,7705,A6-ETH-10G,HARDWARE,ALCATEL-LUCENT,CARTE,2P10G4P1G,PE,3624,1.0,1.0,,3HE07943AA.png,,Carte a6-eth-10G,6.0,,PE,Router,WPR,TELECOM,False,,,
74,3HE08423AA,CPM5,CPM - 7750 SR CPM5,MPLS,PE,7750,CPM5,HARDWARE,ALCATEL-LUCENT,CARTE,CPM5,PE,0,,,,,,,,,,TELECOM,WPR,TELECOM,False,,,
75,3HE08426AA,IOM3-XP-C,IOM - 7750 SR IOM3-XP-C,MPLS,PE,7750,IOM3-XP-C,HARDWARE,ALCATEL-LUCENT,CARTE,IOM3-XP-C,PE,0,,,,,,IOM3-XP-C,,,,TELECOM,WPR,TELECOM,False,,,
76,3HE08428AA,SFM5-12,SFM - 7750 SR SFM5-12,MPLS,PE,7750,SFM5-12,HARDWARE,ALCATEL-LUCENT,CARTE,SFM5-12,PE,0,,,,,,,,,,TELECOM,WPR,TELECOM,False,,,
77,3HE08429AA,SFM5-7,SFM - 7750 SR SFM5-7,MPLS,PE,7750,SFM5-7,HARDWARE,ALCATEL-LUCENT,CARTE,SFM5-7,PE,0,,,,,,,,,,TELECOM,WPR,TELECOM,False,,,
78,3HE09195AA,3HE09195AA,CHAS - 7750 SR-a4 CHASSIS,MPLS,PE,7750,7750SR-A4,HARDWARE,ALCATEL-LUCENT,CHASSIS,SRA4,PE,0,,,,,,Châssis 7750 SR-A4,,1.0,PE,,WPR,INUIT-PE,True,2018-05-18 12:11:35,,TiMOS-C-19.10.R8
79,3HE09197AA,3HE09197AA,FAN - 7750 SR-a4 Fan Tray,MPLS,PE,7705,FAN - 7750 SR-A4,HARDWARE,ALCATEL-LUCENT,MODULE,VENTILATION,PE,0,,,,,,FAN - 7750 SR-a4 Fan Tray,,,PE,Router,WPR,TELECOM,False,,,
80,3HE09199AA,3HE09199AA,48V DC Power Supply Unit,MPLS,PE,,PSU -48V,HARDWARE,ALCATEL-LUCENT,CARTE,,PE,0,,,,,,48V DC Power Supply Unit,,,,,,ALIMENTATION,False,,,
81,3HE09201AA,3HE09201AA,CPM - 7750 SR-A,MPLS,PE,,CPM - 7750 SR-A,HARDWARE,ALCATEL-LUCENT,CARTE,,PE,0,,,,,,CPM - 7750 SR-A,,,,TELECOM,WPR,TELECOM,False,,,
82,3HE09202AA,3HE09202AA,IOM - 7750 SR-A L3HQ,MPLS,PE,7750,IOM - 7750 SR-A L3HQ,HARDWARE,ALCATEL-LUCENT,CARTE,IOM - 7750 SR-A L3HQ,PE,0,,,,,,IOM - 7750 SR-A L3HQ,,,,TELECOM,WPR,TELECOM,False,,,
83,3HE09205AA,3HE09205AA,MDA-A - 7750 SR 2-PT 10GE SFP+ 12-PT GE SFP,MPLS,PE,,10GE SFP+,HARDWARE,ALCATEL-LUCENT,CARTE,10GE SFP,PE,0,,,,,,MDA-A - 7750 SR 2-PT 10GE SFP+ 12-PT GE SFP,,,,TELECOM,WPR,TELECOM,False,,,
84,3HE09240AA,3HE09240AA,MDA-A - 7750 SR 4-PT 10GE SFP,MPLS,PE,,4PT10GE SFP,HARDWARE,ALCATEL-LUCENT,CARTE,4PT10GE SFP,PE,0,,,,,,MDA-A - 7750 SR 4-PT 10GE SFP,,,,TELECOM,WPR,TELECOM,False,,,
85,3HE09242AA,3HE09242AA,"BUNDLE CHASSIS 7750 SR-A4 (3HE09195AA CHAS, 3HE09197AA FAN, 3HE09200AA PSU, 3HE09201AA CPM)",MPLS,PE,7750,7750SAR-A4,HARDWARE,ALCATEL-LUCENT,CHASSIS,SRA4,PE,0,,,,,,Châssis 7750 SR-A4,,1.0,PE,Router,WPR,INUIT-PE,False,,,TiMOS-C-19.10.R8
86,3HE09417AA,3HE09417AA,ACC 7750 SR-a CPM/MDA Impedance Panel,MPLS,PE,,CPM_MDA,HARDWARE,ALCATEL-LUCENT,CARTE,CPM_MDA,PE,0,,,,,,,,,,TELECOM,WPR,TELECOM,False,,,
87,3HE09419AA,3HE09419AA,ACC 7750 SR-a PSU Impedance Panel,MPLS,PE,,PSU_SR,HARDWARE,ALCATEL-LUCENT,CARTE,PSU_SR,PE,0,,,,,,,,,,TELECOM,WPR,TELECOM,False,,,
88,3HE10768AA,3HE10768AA,CHAS - 7750 SR-12-B CHASSIS SPARE RoHS6/6,MPLS,PE,7750,7750 SR-12-B,HARDWARE,ALCATEL-LUCENT,CHASSIS,,PE,0,,,,,,,,1.0,,,,,False,,,
89,3HE12444AA,PANNEAU X.21,PANNEAU X.21,MPLS,PE,7705,PANNEAU X.21,HARDWARE,ALCATEL-LUCENT,CARTE,PANNEAU X.21,PE,0,,,,,,PANNEAU X.21,,,PE,TELECOM,WPR,TELECOM,True,2022-03-22 12:40:39,,
90,3KC12828AB,3KC12828AB,ED 4 EQUIPMENT CONTROLLER (-40/65C),WDM,PSS,,ED-4,HARDWARE,ALCATEL-LUCENT,CARTE,ED-4,PSS,0,,,,,,,,,NoAXE,DWDM Multiplexer,W,TELECOM,False,,,
91,3KC12828AC,3KC12828AC,ED 4 EQUIPMENT CONTROLLER (-40 / 65C),WDM,PSS,1830,ED-4,HARDWARE,ALCATEL-LUCENT,CARTE,ED-4,PSS,0,,,,,,,,,NoAXE,DWDM Multiplexer,W,TELECOM,False,,,
92,3KC12829AB,3KC12829AB,# ERREUR PN de circuit imprimés ou composants inclus à l’intérieur des cartes,WDM,PSS,1830,,,ALCATEL-LUCENT,,,PSS,0,,,,,,,,,,,,,False,,,
93,3KC12829AD,3KC12829AD,# ERREUR PN de circuit imprimés ou composants inclus à l’intérieur des cartes,WDM,PSS,1830,,,ALCATEL-LUCENT,,,PSS,0,,,,,,,,,,,,,False,,,
94,3KC12831AB,E4PFDCAK,ED 4 POWER FILTER (-48V DC) with WT EM- HARDENED,WDM,PSS,1830,E4PFDCAK,HARDWARE,ALCATEL-LUCENT,MODULE,COMMONS,PSS,250,,,,,,,,,NoAXE,DWDM Multiplexer,W,INUIT-WDM,False,,,
95,3KC12832AA,3KC12832AA,# ERREUR PN de circuit imprimés ou composants inclus à l’intérieur des cartes,WDM,PSS,1830,,,ALCATEL-LUCENT,,,PSS,0,,,,,,,,,,,,,False,,,
96,3KC12841AA,3KC12841AA,ED 4 FAN UNIT HARDENED,WDM,PSS,1830,ED 4 FAN,HARDWARE,ALCATEL-LUCENT,MODULE,VENTILATION,PSS,0,,,,,,ED 4 FAN UNIT HARDENED,,,NoAXE,DWDM Multiplexer,W,INUIT-WDM,False,,,
97,3KC12842AA,3KC12842AA,# ERREUR PN de circuit imprimés ou composants inclus à l’intérieur des cartes,WDM,PSS,1830,,,ALCATEL-LUCENT,,,PSS,0,,,,,,,,,,,,,False,,,
98,3KC12842AB,3KC12842AB,# ERREUR PN de circuit imprimés ou composants inclus à l’intérieur des cartes,WDM,PSS,1830,,,ALCATEL-LUCENT,,,PSS,0,,,,,,,,,,,,,False,,,
99,3KC12866AA,3KC12866AA,# ERREUR PN de circuit imprimés ou composants inclus à l’intérieur des cartes,WDM,PSS,1830,,,ALCATEL-LUCENT,,,PSS,0,,,,,,,,,,,,,False,,,
100,3KC12866AB,3KC12866AB,# ERREUR PN de circuit imprimés ou composants inclus à l’intérieur des cartes,WDM,PSS,1830,,,ALCATEL-LUCENT,,,PSS,0,,,,,,,,,,,,,False,,,
101,3KC12959AC,1830PSS-4,"ED PSS 4 SHELF KIT(E4SHF, E4EC, E4FAN) HARDENED",WDM,PSS,1830,1830PSS-4,HARDWARE,ALCATEL-LUCENT,CHASSIS,COMMONS,PSS,915,2.0,1.0,2.0,3KC12959AB.png,,"ED PSS 4 SHELF KIT(E4SHF, E4EC, E4FAN) HARDENED",,1.0,NoAXE,DWDM Multiplexer,W,INUIT-WDM,False,,,v9.0.1
102,3KC12960AA,1830PSS-4,"ED PSS 4 SHELF KIT(E4SHF, E4EC, E4FAN) HARDENED",WDM,PSS,1830,1830PSS-4,HARDWARE,ALCATEL-LUCENT,CHASSIS,COMMONS,PSS,0,,,,,,"ED PSS 4 SHELF KIT(E4SHF, E4EC, E4FAN) HARDENED",,1.0,NoAXE,DWDM Multiplexer,W,INUIT-WDM,False,,,v9.0.1
103,4G-LTE-ANTM-D,ANT 4G LTE,4G LTE articulating dipole antenna 700MHz-2600MHz bands,LAN,WIFI,4G-LTE,C819,HARDWARE,CISCO,ACCESSOIRE,ANTENNE,AP,0,,,,,,,,,WAP01,Access points and bridges,LAN,INUIT-BORNE WIFI,False,,,
104,4G-LTE-ANTM-D=,4G-LTE-ANTM-D=,,,,,,,CISCO,,,,0,,,,,,,,,,,,,True,2018-04-06 17:15:29,,
105,8871AC1,8871AC1,Srv LENOVO (probablement appliance QRADAR),LAN,SRV,LENOVO,SRV_LENOVO,HARDWARE,LENOVO,CHASSIS,SERVEUR,SRV,0,,,,,,,,1.0,,,,,False,,,
106,8DG59232AA,8DG59232AA,# ERREUR PN de circuit imprimés ou composants inclus à l’intérieur des cartes,WDM,PSS,1830,,,ALCATEL-LUCENT,,,PSS,0,,,,,,,,,,,,,False,,,
107,8DG59233AA,8DG59233AA,# ERREUR PN de circuit imprimés ou composants inclus à l’intérieur des cartes,WDM,PSS,1830,,,ALCATEL-LUCENT,,,PSS,0,,,,,,,,,,,,,False,,,
108,8DG59235AC,8DG59235AC,# ERREUR PN de circuit imprimés ou composants inclus à l’intérieur des cartes,WDM,PSS,1830,,,ALCATEL-LUCENT,,,PSS,0,,,,,,,,,,,,,False,,,
109,8DG59240AA,8DG59240AA,USER INTERFACE PANEL,WDM,PSS,,,HARDWARE,ALCATEL-LUCENT,MODULE,,PSS,0,,,,,,,,,,,,,False,,,
110,8DG59241AD,EC,Equipment Controller (16GB),WDM,PSS,1830,EC-02,HARDWARE,ALCATEL-LUCENT,CARTE,COMMONS,PSS,701,1.0,1.0,,8DG59241AD.png,,,,,NoAXE,DWDM Multiplexer,W,TELECOM,False,,,
111,8DG59242BA,8DG59242BA,,,,,,,,,,,0,,,,,,,,,,,,,False,,,
112,8DG59242BB,PFDC50,DC Power Filter (50A) w/ V Monitoring,WDM,PSS,1830,PFDC50,HARDWARE,ALCATEL-LUCENT,MODULE,COMMONS,PSS,371,,,,,,,,,,,,,False,,,
113,8DG59243AB,8DG59243AB,HIGH POWER PSS-32 FAN TRAY,WDM,PSS,1830,HIGH POWER PSS-32 FAN TRAY,HARDWARE,ALCATEL-LUCENT,MODULE,,PSS,0,,,,,,,,,,,,,False,,,
114,8DG59245AA,AHPHG,High Power High Gain DWDM Amplifier,WDM,PSS,1830,AHPHG,HARDWARE,ALCATEL-LUCENT,CARTE,AMPLIFIERS,PSS,4101,1.0,1.0,,8DG59245AA.png,,,,,NoAXE,DWDM Multiplexer,W,AMPLIFIERS,False,,,
115,8DG59245AB,8DG59245AB,AHPHG - HPOWER HGAIN DWDM AMPLIFIER,WDM,PSS,1830,AHPHG,HARDWARE,ALCATEL-LUCENT,CARTE,AMPLIFIERS,PSS,0,1.0,,,,,,,,NoAXE,DWDM Multiplexer,W,TELECOM,False,,,
116,8DG59248AA,SFD44,44 Channel Optical Mux/Demux,WDM,PSS,1830,SFD44,HARDWARE,ALCATEL-LUCENT,ACCESSOIRE,FILTERS,PSS,2365,,,,,,,,,NoAXE,DWDM Multiplexer,W,INUIT-WDM,False,,,
117,8DG59267AB,8DG59267AB,# ERREUR PN de circuit imprimés ou composants inclus à l’intérieur des cartes,WDM,PSS,1830,,,ALCATEL-LUCENT,,,PSS,0,,,,,,,,,,,,,False,,,
118,8DG59269AB,8DG59269AB,# ERREUR PN de circuit imprimés ou composants inclus à l’intérieur des cartes,WDM,PSS,1830,,,ALCATEL-LUCENT,,,PSS,0,,,,,,,,,,,,,False,,,
119,8DG59319AA,8DG59319AA,CENTRAL OFFICE SHELF,WDM,PSS,1830,,HARDWARE,ALCATEL-LUCENT,MODULE,,PSS,0,,,,,,,,,,,,,False,,,
120,8DG59423AA,DMSMF010,DCM  - SMF 10km,WDM,PSS,1830,DMSMF010,HARDWARE,ALCATEL-LUCENT,CARTE,DISPERSION COMPENSATION MODULES,PSS,296,1.0,1.0,,8DG59423AA.png,,,,,NoAXE,DWDM Multiplexer,W,TELECOM,False,,,
121,8DG59424AA,DMSMF020,DCM  -SMF 20km,WDM,PSS,1830,DMSMF020,HARDWARE,ALCATEL-LUCENT,CARTE,DISPERSION COMPENSATION MODULES,PSS,320,,,,,,,,,NoAXE,DWDM Multiplexer,W,TELECOM,False,,,
122,8DG59425AA,DMSMF030,DCM - SMF 30km,WDM,PSS,1830,DMSMF030,HARDWARE,ALCATEL-LUCENT,CARTE,DISPERSION COMPENSATION MODULES,PSS,362,,,,,,,,,NoAXE,DWDM Multiplexer,W,TELECOM,False,,,
123,8DG59426AA,DMSMF040,DCM - SMF 40km,WDM,PSS,1830,DMSMF040,HARDWARE,ALCATEL-LUCENT,CARTE,DISPERSION COMPENSATION MODULES,PSS,398,,,,,,,,,NoAXE,DWDM Multiplexer,W,TELECOM,False,,,
124,8DG59427AA,DMSMF050,DCM - SMF 50km,WDM,PSS,1830,DMSMF050,HARDWARE,ALCATEL-LUCENT,CARTE,DISPERSION COMPENSATION MODULES,PSS,453,,,,,,,,,NoAXE,DWDM Multiplexer,W,TELECOM,False,,,
125,8DG59428AA,DMSMF060,DCM - SMF 60km,WDM,PSS,1830,DMSMF060,HARDWARE,ALCATEL-LUCENT,CARTE,DISPERSION COMPENSATION MODULES,PSS,498,,,,,,,,,NoAXE,DWDM Multiplexer,W,TELECOM,False,,,
126,8DG59429AA,DMSMF070,DCM - SMF 70km,WDM,PSS,1830,DMSMF070,HARDWARE,ALCATEL-LUCENT,CARTE,DISPERSION COMPENSATION MODULES,PSS,536,,,,,,,,,NoAXE,DWDM Multiplexer,W,TELECOM,False,,,
127,8DG59430AA,DMSMF080,DCM - SMF 80km,WDM,PSS,1830,DMSMF080,HARDWARE,ALCATEL-LUCENT,CARTE,DISPERSION COMPENSATION MODULES,PSS,535,,,,,,,,,NoAXE,DWDM Multiplexer,W,TELECOM,False,,,
128,8DG59431AA,DMSMF090,DCM - SMF 90km,WDM,PSS,1830,DMSMF090,HARDWARE,ALCATEL-LUCENT,CARTE,DISPERSION COMPENSATION MODULES,PSS,570,,,,,,,,,NoAXE,DWDM Multiplexer,W,TELECOM,False,,,
129,8DG59432AA,8DG59432AA,DCM - SMF 100KM,WDM,PSS,1830,DMSMF100,HARDWARE,ALCATEL-LUCENT,CARTE,DCM_SMF_100,PSS,0,,,,,,,,,NoAXE,DWDM Multiplexer,W,TELECOM,False,,,
130,8DG59433AA,8DG59433AA,DCM - SMF 110KM,WDM,PSS,1830,DMSMF110,HARDWARE,ALCATEL-LUCENT,CARTE,DCM_SMF_110,PSS,0,,,,,,,,,NoAXE,DWDM Multiplexer,W,TELECOM,False,,,
131,8DG59437AG,8DG59437AG,STATIC FILTER DWDM 5 CHANNEL (G,WDM,PSS,1830,STATIC_FILTER,HARDWARE,ALCATEL-LUCENT,CARTE,STATIC_FILTER,PSS,0,,,,,,,,,NoAXE,DWDM Multiplexer,W,TELECOM,False,,,
132,8DG59499AA,8DG59499AA,# ERREUR PN de circuit imprimés ou composants inclus à l’intérieur des cartes,WDM,PSS,1830,,,ALCATEL-LUCENT,,,PSS,0,,,,,,,,,,,,,False,,,
133,8DG59501AA,8DG59501AA,# ERREUR PN de circuit imprimés ou composants inclus à l’intérieur des cartes,WDM,PSS,1830,,,ALCATEL-LUCENT,,,PSS,0,,,,,,,,,,,,,False,,,
134,8DG59605AB,1830PSS-32,"Main Shelf Kit PSS-32, High Capacity Fan (incl. COSHF, USRPNL, FAN32H, TIBNKx2)",WDM,PSS,1830,1830PSS-32,HARDWARE,ALCATEL-LUCENT,CHASSIS,COMMONS,PSS,2105,,,,,,PSS32 Main Shelf Kit (incl. EOSHF + fan + UP),,1.0,NoAXE,DWDM Multiplexer,W,INUIT-WDM,False,,,v9.0.2
135,8DG59750AB,8DG59750AB,# ERREUR PN de circuit imprimés ou composants inclus à l’intérieur des cartes,WDM,PSS,1830,,,ALCATEL-LUCENT,,,PSS,0,,,,,,,,,,,,,False,,,
136,8DG59776AB,8DG59776AB,# ERREUR PN de circuit imprimés ou composants inclus à l’intérieur des cartes,WDM,PSS,1830,,,ALCATEL-LUCENT,,,PSS,0,,,,,,,,,,,,,False,,,
137,8DG59828AA,11DPM12,11G Dual Port Pluggable Multirate Mux (12 universal clients),WDM,PSS,1830,11DPM12,HARDWARE,ALCATEL-LUCENT,CARTE,OPTICAL TRANSPONDERS AND UPLINK,PSS,3464,1.0,1.0,,8DG59828AA.png,,,,,NoAXE,DWDM Multiplexer,W,INUIT-WDM,False,,,
138,8DG59859AA,8DG59859AA,END OFFICE SHELF RSA,WDM,PSS,1830,,HARDWARE,ALCATEL-LUCENT,MODULE,,PSS,0,,,,,,,,,,,,,False,,,
139,8DG59912AA,8DG59912AA,FAN UNIT PSS-16,WDM,PSS,1830,FAN_PSS-16,HARDWARE,ALCATEL-LUCENT,MODULE,VENTILATION,PSS,0,,,,,,FAN UNIT PSS-16,,,NoAXE,DWDM Multiplexer,W,INUIT-WDM,False,,,
140,8DG59945AA,AHPLG,High Power Low Gain DWDM Amplifier,WDM,PSS,1830,AHPLG,HARDWARE,ALCATEL-LUCENT,CARTE,AMPLIFIERS,PSS,4185,1.0,1.0,,8DG59945AA.png,,,,,NoAXE,DWDM Multiplexer,W,AMPLIFIERS,False,,,
141,8DG59945AB,8DG59945AB,AHPLG - HPOWER LGAIN DWDM AMPLIFIER,WDM,PSS,1830,AHPLG,HARDWARE,ALCATEL-LUCENT,CARTE,AMPLIFIERS,PSS,0,1.0,,,,,,,,NoAXE,DWDM Multiplexer,W,TELECOM,False,,,
142,8DG60071AA,8DG60071AA,# ERREUR PN de circuit imprimés ou composants inclus à l’intérieur des cartes,WDM,PSS,1830,,,ALCATEL-LUCENT,,,PSS,0,,,,,,,,,,,,,False,,,
143,8DG60093AB,8DG60093AB,# ERREUR PN de circuit imprimés ou composants inclus à l’intérieur des cartes,WDM,PSS,1830,,,ALCATEL-LUCENT,,,PSS,0,,,,,,,,,,,,,False,,,
144,8DG60094AA,8DG60094AA,USER INTERFACE CARD PSS-16,WDM,PSS,1830,UI_PSS16,HARDWARE,ALCATEL-LUCENT,CARTE,UI_PSS16,PSS,0,,,,,,,,,NoAXE,DWDM Multiplexer,W,TELECOM,False,,,
145,8DG60174AB,8DG60174AB,# ERREUR PN de circuit imprimés ou composants inclus à l’intérieur des cartes,WDM,PSS,1830,,,ALCATEL-LUCENT,,,PSS,0,,,,,,,,,,,,,False,,,
146,8DG60175BA,PFDC20K,PSS-16 DC PF Managed (20A) w/V Monitoring,WDM,PSS,1830,PFDC20K,HARDWARE,ALCATEL-LUCENT,CARTE,COMMONS,PSS,316,1.0,1.0,,8DG60175BA.png,,,,,NoAXE,DWDM Multiplexer,W,TELECOM,False,,,
147,8DG60210AC,SFD8C,Static Filter DWDM 8 Channel (C Variant),WDM,PSS,1830,SFD8C,HARDWARE,ALCATEL-LUCENT,ACCESSOIRE,STATIC FILTER,PSS,0,,1.0,,,,,,,NoAXE,DWDM Multiplexer,W,INUIT-WDM,False,,,
148,8DG60210AD,SFD8D,Static Filter DWDM 8 Channel (D Variant),WDM,PSS,1830,SFD8D,HARDWARE,ALCATEL-LUCENT,CARTE,FILTERS,PSS,1446,,,,,,,,,NoAXE,DWDM Multiplexer,W,TELECOM,False,,,
149,8DG60242AB,8DG60242AB,A2325A - 23DBM VGAIN AMP W/ DCM ACCESS,WDM,PSS,1830,A2325A,HARDWARE,ALCATEL-LUCENT,CARTE,A2325A,PSS,0,,,,,,,,,NoAXE,DWDM Multiplexer,W,TELECOM,False,,,
150,8DG60273AA,1830PSS-16,PSS16 Main Shelf Kit (incl. EOSHF + fan + UP),WDM,PSS,1830,1830PSS-16,HARDWARE,ALCATEL-LUCENT,CHASSIS,COMMONS,PSS,1337,8.0,1.0,2.0,8DG60273AA.png,,PSS16 Main Shelf Kit (incl. EOSHF + fan + UP),,1.0,NoAXE,DWDM Multiplexer,W,INUIT-WDM,False,,,v9.0.2
151,8DG60349AA,11QPA4,11G Quad Port Pluggable Anyrate (4 client),WDM,PSS,1830,11QPA4,HARDWARE,ALCATEL-LUCENT,CARTE,OPTICAL TRANSPONDERS AND UPLINK,PSS,4058,1.0,1.0,,8DG60349AA.png,,11QPA4 (SDH) Card,,,NoAXE,DWDM Multiplexer,W,TELECOM,False,,,
152,8DG60351AC,8DG60351AC,# ERREUR PN de circuit imprimés ou composants inclus à l’intérieur des cartes,WDM,PSS,1830,,,ALCATEL-LUCENT,,,PSS,0,,,,,,,,,,,,,False,,,
153,8DG60423AA,8DG60423AA,# ERREUR PN de circuit imprimés ou composants inclus à l’intérieur des cartes,WDM,PSS,1830,,,ALCATEL-LUCENT,,,PSS,0,,,,,,,,,,,,,False,,,
154,8DG60423AB,8DG60423AB,# ERREUR PN de circuit imprimés ou composants inclus à l’intérieur des cartes,WDM,PSS,1830,,,ALCATEL-LUCENT,,,PSS,0,,,,,,,,,,,,,False,,,
155,8DG60475AB,8DG60475AB,# ERREUR PN de circuit imprimés ou composants inclus à l’intérieur des cartes,WDM,PSS,1830,,,ALCATEL-LUCENT,,,PSS,0,,,,,,,,,,,,,False,,,
156,8DG61200AB,8DG61200AB,# ERREUR PN de circuit imprimés ou composants inclus à l’intérieur des cartes,WDM,PSS,1830,,,ALCATEL-LUCENT,,,PSS,0,,,,,,,,,,,,,False,,,
157,8DG61483AA,8DG61483AA,,,,,,,,,,,0,,,,,,,,,,,,,False,,,
158,8DG62039AC,8DG62039AC,,,,,,,,,,,0,,,,,,,,,,,,,False,,,
159,8DG62635AA,8DG62635AA,32EC2 - HP Equipment Controller,WDM,PSS,1830,32EC2,HARDWARE,,CARTE,,PSS,0,,,,,,,,,NoAXE,DWDM Multiplexer,W,INUIT-WDM,True,2018-08-03 07:49:39,,
160,8DG63135AA,8DG63135AA,# ERREUR PN de circuit imprimés ou composants inclus à l’intérieur des cartes,WDM,PSS,1830,,,ALCATEL-LUCENT,,,PSS,0,,,,,,,,,,,,,False,,,
161,ACS-4330-FANASSY,ACS-4330-FANASSY,ACS-4330-FANASSY,,,,ACS-4330-FANASSY,HARDWARE,CISCO,MODULE,VENTILATION,PE,0,,,,,,,,,,,,,True,2018-07-30 15:33:40,,
162,ADVA OS-V-8-M,ADVA OS-V-8-M,ADVA OS-V-8-M,WOP,BES,,MODEM NIVEAU 2,HARDWARE,OBS,CHASSIS,,BES,0,,,,,,ADVA OS-V-8-M,,1.0,BES,,WOP,INUIT-MODEM,True,2021-09-17 17:27:45,,
163,AIR-AP1832I-E-K9,AIR-AP1832I-E-K9,Access Point Wifi,LAN,WIFI,AIR-CAP,AP 1832I,HARDWARE,CISCO,CHASSIS,BORNE,AP,0,,,,,,Borne 1832,,1.0,WAP01,Access points and bridges,LAN,INUIT-BORNE WIFI,False,2018-04-06 16:53:42,,8.5.151.0
164,AIR-AP-BRACKET-1,AIR-AP-BRACKET-1,AIR-AP-BRACKET-1 : 802.11n AP Low Profile Mounting Bracket (Default),LAN,WIFI,AIR-CAP,AIR-AP-BRACKET,HARWARE,CISCO,ACCESSOIRE,BORNE,AP,0,,,,,,Support,,,WAP01,Access points and bridges,LAN,INUIT-BORNE WIFI,False,,,
165,AIR-AP-T-RAIL-R,AIR-AP-T-RAIL-R,AIR-AP-T-RAIL-R : Ceiling Grid Clip for Aironet APs - Recessed Mount (Default),LAN,WIFI,AIR-CAP,AIR-AP-T-RAIL-R,HARWARE,CISCO,ACCESSOIRE,BORNE,AP,0,,,,,,Kit d'installation,,,WAP01,Access points and bridges,LAN,INUIT-BORNE WIFI,False,,,
166,AIR-CAP1602I-E-K9,AIR-CAP1602I-E-K9,"802.11a/g/n Ctrlr-based AP, Int Ant, E Reg Domain",LAN,WIFI,AIR-CAP,CAP1602I-S,HARDWARE,CISCO,CHASSIS,BORNE,AP,695,,,,,,Borne 1602,,1.0,WAP01,Access points and bridges,LAN,INUIT-BORNE WIFI,False,,,8.5.151.0
167,AIR-CT8510-1K-K9,CT8510-1K,Cisco 8500 Series Wireless Controller Supporting 1000 Aps,LAN,WIFI,8500,8500,HARDWARE,CISCO,CHASSIS,CONTROLEUR,AP,0,,,,,,,,1.0,WAP01,Access points and bridges,LAN,INUIT-BORNE WIFI,False,,,AireOS 8.5.151.0
168,AIR-CT8510-HA-K9,CT8510-HA,Cisco 8510 Series High Availability Wireless Controller,LAN,WIFI,8500,8510,HARDWARE,CISCO,CHASSIS,CONTROLEUR,AP,0,,,,,,,,1.0,WAP01,Access points and bridges,LAN,INUIT-BORNE WIFI,False,,,AireOS 8.5.151.0
169,ASMI-54L/4ETH/4W,ASMI-54L/4ETH/4W,4- port 10/100BaseT interface with integrated Ethernet switch,WOP,MOD,,ASMI-54L,HARDWARE,OBS,CHASSIS,,MDM,0,,,,,,,,1.0,MOD,Modem,WOP,INUIT-MODEM,False,,,
170,ASR1000-ESP40,ASR1000-ESP40,"Cisco ASR1000 Embedded Services Processor, 40G",WAN,RR,ASR1000,ASR1000-ESP40,HARDWARE,CISCO,CARTE,,RR,0,,,,,,,,,,,,,False,,,
171,ASR1000-RP2,ASR1000-RP2,"Cisco ASR1000 Route Processor 2, 8GB DRAM",WAN,RR,ASR1000,ASR1000-RP2,HARDWARE,CISCO,CARTE,,RR,0,,,,,,,,,,,,,False,,,
172,ASR1000-RP2-16GB,ASR1000-RP2-16GB,"Cisco ASR1000 Route Processor 2, 16GB DRAM",WAN,RR,ASR1000,ASR1000-RP2-16GB,HARDWARE,CISCO,CARTE,,RR,0,,,,,,,,,,,,,False,,,
173,ASR1000-RP2-80GB,ASR1000-HDD-32GB,"Cisco ASR1000 Route Processor 2, 80GB HDD",WAN,RR,ASR1000,ASR1000-RP2-80GB,HARDWARE,CISCO,CARTE,,RR,0,,,,,,,,,,,,,False,,,
174,ASR1000-SIP40,ASR1000-SIP40,Cisco ASR1000 SPA Interface Processor 40,WAN,RR,ASR1000,ASR1000-SIP40,HARDWARE,CISCO,CARTE,,RR,0,,,,,,,,,,,,,False,,,
175,ASR1001,ASR1001,"Cisco ASR1001 Chassis, Dual P/S",WAN,RR,ASR1001,RTR OPERE,HARDWARE,CISCO,CHASSIS,,RR,0,,,,,,,,1.0,,,,,False,,,
176,ASR1004,ASR1004,"Cisco ASR1004 Chassis, Dual P/S",WAN,RR,ASR1004,ASR1004,HARDWARE,CISCO,CHASSIS,,RR,0,,,,,,,,1.0,,,,,False,,,"Cisco IOS Software, ASR1000 Software (X86_64_LINUX_IOSD-ADVIPSERVICESK9-M), Version 15.5(3)S1a, RELEASE SOFTWARE (fc1)"
177,ASR1004-PWR-DC,ASR1004-PWR-DC,Cisco ASR1004 DC Power Supply,WAN,RR,ASR1001,ASR1001,HARDWARE,CISCO,MODULE,,RR,0,,,,,,,,,,,,,False,,,
178,C2960X-STACK,STACK 2960,Catalyst 2960-X FlexStack Plus Stacking Module,LAN,FED,2960,2960,HARDWARE,CISCO,MODULE,STACK,FED,0,,,,,,,,,,,,,False,,,
179,C3650-STACK,STACK 3650,Cisco Catalyst 3650 Stack,LAN,FED,3650,3630,HARDWARE,CISCO,MODULE,STACK,FED,0,,,,,,,,,,,,,False,,,
180,C3925E,C3925E,LIVE BOX CPE ORANGE C3925E,WOP,CPE,C3925E,RTR OPERE,HARDWARE,OBS,CHASSIS,CPE WOP,CPE,0,1.0,,,,,,,1.0,CPE,Router,WOP,INUIT-OPERE,False,,,
181,C4KX-NM-8SFP+,C4KX-NM-8SFP+,Catalyst 4500X 8 Port 10G Network Module,LAN,FED,,,,CISCO,CHASSIS,,,0,,,,,,,,1.0,,,,,False,,,
182,C4KX-PWR-750AC-R,C4KX-PWR-750AC-R,Catalyst 4500X 750W AC front to back cooling power supply,LAN,FED,4500X,4500X,HARDWARE,CISCO,ALIM,ALIMENTATION,FED,0,,,,,,,,,,,,,False,,,
183,C4KX-PWR-750AC-R/2,C4KX-PWR-750AC-R/2,Catalyst 4500X 750W AC front to back cooling 2nd PWR supply,LAN,FED,4500X,4500X,HARDWARE,CISCO,ALIM,ALIMENTATION,FED,0,,,,,,,,,,,,,False,,,
184,C819HG-4G-G-K9,C819HG-4G-G-K9,"C819 Hardened 4G LTE for Global, 800/900/1800/2100/2600 MHz",LAN,FED,4G-LTE,C819,HARDWARE,CISCO,CHASSIS,ROUTEUR,FED,0,,,,,,,,1.0,,,,,False,,,
185,CAB-TA-EU,CAB-TA-EU,Europe AC Type A Power Cable,LAN,FED,,Type A Power Cable,HARWARE,CISCO,ACCESSOIRE,ALIMENTATION,FED,0,,,,,,Europe AC Type A Power Cable,,,,,,,False,,,
186,CGS-2520-16S-8PC,CGS-2520-16S-8PC,"Cisco CGS2520 front/rear cabling w/2GE, 16-SFP, 8-10/100 PoE",LAN,FED,2520,CGS2520-16S,HARDWARE,CISCO,CHASSIS,252016S8PC,FED,4695,1.0,1.0,,CGS-2520-16S-8PC.png,,Cisco CGS2520 front/rear cabling w/2GE  16-SFP  8-10/100 PoE,,1.0,FED,LAN Switch,LAN,INUIT-FEDERATEUR,False,,TELECOM,"Cisco IOS Software, CGS2520 Software (CGS2520-IPSERVICESK9-M), Version 15.2(7)E3, RELEASE SOFTWARE (fc3)"
187,CGS-2520-16S-8PC1,CGS-2520-16S-8PC,"Cisco CGS2520 front/rear cabling w/2GE, 16-SFP, 8-10/100 PoE",LAN,FED,2520,CGS2520-16S,HARDWARE,CISCO,CHASSIS,252016S8PC,FED,4695,1.0,1.0,,CGS-2520-16S-8PC.png,,Cisco CGS2520 front/rear cabling w/2GE  16-SFP  8-10/100 PoE,,1.0,FED,LAN Switch,LAN,INUIT-FEDERATEUR,False,,TELECOM,"Cisco IOS Software, CGS2520 Software (CGS2520-IPSERVICESK9-M), Version 15.2(7)E3, RELEASE SOFTWARE (fc3)"
188,ETX201A,ETX 201A,Modem RAD utilisé sr accès WOP Cu,WOP,MOD,,ETX 201A,HARDWARE,OSA,CHASSIS,,MOD,0,,,,,,,,1.0,MOD,Modem,WOP,INUIT-MODEM,False,,,
189,FG-100D-BDL,FG-100D-BDL,Fortigate 100D,FW,FG,100D,FG-100D-BDL,HARDWARE,FORTINET,CHASSIS,FIREWALL,FW,0,,,,,,,,1.0,,,,,False,,,
190,FG-1500D,FG-1500D,Fortigate 1500D,FW,FG,1500D,FG-1500D,HARDWARE,FORTINET,CHASSIS,FIREWALL,FW,0,,,,,,,,1.0,,,,,False,,,
191,FG-1500D-BDL,FG-1500D-BDL,Fortigate 1500D,FW,FG,1500D,FG-1500D-BDL,HARDWARE,FORTINET,CHASSIS,FIREWALL,FW,0,,,,,,,,1.0,,,,,False,,,
192,FG-200D,FG-500D,Fortigate 200D,FW,FG,200D,FG-200D,HARDWARE,FORTINET,CHASSIS,FIREWALL,FW,0,,,,,,,,1.0,,,,,False,,,
193,FG-500D,FG-500D,Fortigate 500D,FW,FG,500D,FG-500D,HARDWARE,FORTINET,CHASSIS,FIREWALL,FW,0,,,,,,,,1.0,,,,,False,,,
194,FG-60D-BDL,FG-60D-BDL,Fortigate 60D,FW,FG,60D,FG-60D-BDL,HARDWARE,FORTINET,CHASSIS,FIREWALL,FW,0,,,,,,,,1.0,,,,,False,,,
195,FG-TRAN-SFP+SR,FG-TRAN-SFP+SR,fortigate SFP,FW,FW,,,HARDWARE,FORTINET,SFP,,,0,,,,,,,,,,,,,False,,,
196,FG-TRAN-SX,FG-TRAN-SX,fortigate SFP,FW,FW,,,HARDWARE,FORTINET,SFP,,FW,0,,,,,,,,,,,,,False,,,
197,FRPS-100,FRPS-100,Power,FW,FG,,,HARDWARE,FORTINET,MODULE,,FW,0,,,,,,,,,,,,,False,,,
198,GLC-BX-D,GLC-BX-D,"1000BASE-BX SFP, 1490NM",LAN,FED,,1000BASE-BX,HARDWARE,CISCO,SFP,,FED,0,,,,,,,,,FED,LAN Switch,LAN,TELECOM,False,,,
199,GLC-BX-U,GLC-BX-U,"1000BASE-BX SFP, 1310NM",LAN,FED,,1000BASE-BX,HARDWARE,CISCO,SFP,,FED,0,,,,,,,,,FED,LAN Switch,LAN,TELECOM,False,,,
200,GLC-EX-SMD=,GLC-EX-SMD=,"1000BASE-EX SFP transceiver module for SMF, 1310-nm wavelength",LAN,FED,,1000BASE-EX,HARDWARE,CISCO,SFP,1000 BASE EX,FED,0,,,,,,,,,FED,LAN Switch,LAN,TELECOM,False,,,
201,GLC-FE-100FX,GLC-FE-100FX,100BASE-FX SFP  for FE port,LAN,FED,,100BASE-FX,HARDWARE,CISCO,SFP,1000 BASE FX,FED,0,,,,,,,,,FED,LAN Switch,LAN,TELECOM,False,,,
202,GLC-FE-100LX,GLC-FE-100LX,100BASE-LX SFP for FE port,LAN,FED,,100BASE-LX,HARDWARE,CISCO,SFP,1000 BASE LX,FED,0,,,,,,,,,FED,LAN Switch,LAN,TELECOM,False,,,
203,GLC-FE-T-I,GLC-FE-T-I,"100BASE-T SFP, Industrial Temp",LAN,FED,,1000BASE-T,HARDWARE,CISCO,SFP,1000 BASE T,FED,0,,,,,,,,,FED,LAN Switch,LAN,TELECOM,False,,,
204,GLC-LH-SMD,GLC-LH-SMD,"1000BASE-LX/LH SFP transceiver module, MMF/SMF, 1310nm, DOM",LAN,FED,,1000BASE-LX,HARDWARE,CISCO,SFP,1000 BASE LX/LH,FED,0,,,,,,1000BASE-LX/LH long-wavelength; with DOM,,,FED,LAN Switch,LAN,TELECOM,False,,,
205,GLC-LH-SMD=,GLC-LH-SMD=,,,,,,,CISCO,SFP,,,0,,,,,,,,,,,,,True,2018-04-06 17:15:29,,
206,GLC-SX-MMD,GLC-SX-MMD,"1000BASE-SX SFP transceiver module, MMF, 850nm, DOM",LAN,FED,,1000BASE-SX,HARDWARE,CISCO,SFP,1000 BASE SX,FED,0,,,,,,"1000BASE-SX SFP transceiver module, MMF, 850nm, DOM",,,FED,LAN Switch,LAN,TELECOM,False,,,
207,GLC-SX-MMD-PE,GLC-SX-MMD,"1000BASE-SX SFP transceiver module, MMF, 850nm, DOM",LAN,PE,,1000BASE-SX,HARDWARE,CISCO,SFP,1000 BASE SX,PE,0,,,,,,"1000BASE-SX SFP transceiver module, MMF, 850nm, DOM",,,PE,LAN Switch,LAN,TELECOM,False,,,
208,GLC-SX-MM-RGD,GLC-SX-MM-RGD,1000Mbps Multi-Mode Rugged SFP,LAN,FED,,1000Mbps Multi-Mode,HARDWARE,CISCO,SFP,1000 SX MM GRD,FED,550,,,,,,,,,FED,LAN Switch,LAN,TELECOM,False,,,
209,GLC-SX-SMD,GLC-SX-SMD,"1000BASE-SX SFP transceiver module, MMF, 850nm, DOM",LAN,FED,,1000BASE-SX,HARDWARE,CISCO,SFP,,FED,0,,,,,,,,,FED,LAN Switch,LAN,TELECOM,False,,,
210,GLC-T,GLC-T,1000BASE-T SFP,LAN,FED,,1000BASE-T SFP,HARDWARE,CISCO,SFP,1000 BT,FED,395,,,,,,,,,FED,LAN Switch,LAN,TELECOM,False,,,
211,GLC-TE,GLC-TE,1000BASE-T SFP transceiver module for Category 5 copper wire,LAN,,,,HARDWARE,CISCO,SFP,,,0,,,,,,,,,,,,,False,,,
212,GLC-T-RGD,GLC-T-RGD,"100BASE-T SFP, Industrial Temp",LAN,FED,,1000BASE-T,HARDWARE,CISCO,SFP,1000 BASE T,FED,0,,,,,,,,,FED,LAN Switch,LAN,TELECOM,False,,,
213,IE-2000U-16TC-G,IE-2000U-16TC-G,"IE 2000U 16 x 10/100,2 FE SFP,2 T/SFP GE ports with 1588",LAN,,,,,CISCO,CHASSIS,,,0,,,,,,,,1.0,,,,,False,,,
214,IE-4010-16S-12P,IE-4010-16S-12P,"Cisco CGS4010 front/rear cabling w/2GE, 16-SFP, 8-10/100 PoE",LAN,FED,IE4010,IE-4010-16S12P,HARDWARE,CISCO,CHASSIS,IE-4010-16S-12P,FED,4695,1.0,1.0,,IE4010-16S.png,,Cisco IE4010-16S front/rear cabling w/2GE  16-SFP  8-10/100 PoE,,1.0,FED,LAN Switch,LAN,INUIT-FEDERATEUR,False,,TELECOM,IOS 15.2(8)E1
215,IND-IE-PROMO,IND-IE-PROMO,# ERREUR,,,,,,CISCO,,,,0,,,,,,,,,,,,,False,,,
216,INF-AES-1200,INF-AES-1200,Atelier d'énergie secondaire 230V~> -48Vcc TCM 1600VA,INFRASTRUCTURE,ENERGIE,AES,ELTEK-RED48V,HARDWARE,ELTEK,CHASSIS,REDRESSEUR,RED,1289,,,,,,,,1.0,RED,Rectifier,AES,INUIT-REDRESSEUR DE BAIE,False,,,
217,INF-AES-2000-48V,INF-AES-2000,Atelier d'énergie secondaire 230V~> -48Vcc TCM 2000VA,INFRASTRUCTURE,ENERGIE,AES,ELTEK-RED48V,HARDWARE,ELTEK,CHASSIS,REDRESSEUR,RED,1310,,,,,,,,1.0,RED,Rectifier,AES,INUIT-REDRESSEUR DE BAIE,True,,,
218,INF-OND-1200,INF-OND-1200,Onduleur -48Vcc TCM+230V~ > 230V~ 1600VA,INFRASTRUCTURE,ENERGIE,ONDULEUR,AXILEK-OND230V,HARDWARE,AXILEC,CHASSIS,ONDULEUR,OND,1578,,,,,,ONDULEUR AXILEK 230V,,1.0,OND,Inverter,AES,INUIT-ONDULEUR,True,,,
219,INF-OND-2400,INF-OND-1200,Onduleur -48Vcc TCM+400V~ > 230V~ 1600VA,INFRASTRUCTURE,ENERGIE,ONDULEUR,AXILEK-OND400V,HARDWARE,AXILEC,CHASSIS,ONDULEUR,OND,1578,,,,,,ONDULEUR AXILEK 400V,,1.0,OND,Inverter,AES,INUIT-ONDULEUR,True,,,
220,IR809G-LTE-GA-K9,IR809G-LTE-GA-K9,C809 Hardened 4G LTE,LAN,FED,4G-LTE,IR809,HARDWARE,CISCO,CHASSIS,ROUTEUR,FED,0,,,,,,,,1.0,,,,,True,2018-04-06 17:15:29,,"Cisco IOS Software, ir800 Software (ir800-UNIVERSALK9-M), Version 15.6(3)M1b, RELEASE SOFTWARE (fc1)"
221,ISR4331/K9,ISR4331/K9,Cisco ISR4331,,RT,,ISR4331,HARDWARE,CISCO,CHASSIS,IP-SLA,PE,0,,,,,,,,1.0,,,ICX,,False,,,
222,LBB140,LBB140,LIVE BOX CPE ORANGE LBB140,WOP,CPE,LBB140,RTR OPERE,HARDWARE,OBS,CHASSIS,CPE WOP,CPE,0,1.0,,,,,,,1.0,CPE,Router,WOP,INUIT-OPERE,False,,,
223,LBB150,LBB150,LIVE BOX CPE ORANGE LBB150,WOP,CPE,LBB150,RTR OPERE,HARDWARE,OBS,CHASSIS,CPE WOP,CPE,0,1.0,,,,,,,1.0,CPE,Router,WOP,INUIT-OPERE,False,,,
224,LBB210,LBB210,LIVE BOX CPE ORANGE LBB240,WOP,CPE,LBB210,RTR OPERE,HARDWARE,OBS,CHASSIS,CPE WOP,CPE,0,1.0,,,,,,,1.0,CPE,Router,WOP,INUIT-OPERE,False,,,
225,LBB230,LBB230,LIVE BOX CPE ORANGE LBB230,WOP,CPE,LBB230,RTR OPERE,HARDWARE,OBS,CHASSIS,CPE WOP,CPE,0,1.0,,,,,,,1.0,CPE,Router,WOP,INUIT-OPERE,False,,,
226,LBB240,LBB240,LIVE BOX CPE ORANGE LBB240,WOP,CPE,LBB240,RTR OPERE,HARDWARE,OBS,CHASSIS,CPE WOP,CPE,0,1.0,,,,,,,1.0,CPE,Router,WOP,INUIT-OPERE,False,,,
227,LBB250,LBB250,LIVE BOX CPE ORANGE LBB250,WOP,CPE,LBB250,RTR OPERE,HARDWARE,OBS,CHASSIS,CPE WOP,CPE,0,1.0,,,,,,,1.0,CPE,Router,WOP,INUIT-OPERE,False,,,
228,LBB320,LBB320,LIVE BOX CPE ORANGE LBB240,WOP,CPE,LBB320,RTR OPERE,HARDWARE,OBS,CHASSIS,CPE WOP,CPE,0,1.0,,,,,,,1.0,CPE,Router,WOP,INUIT-OPERE,False,,,
229,LBB350,LBB350,LIVE BOX CPE ORANGE LBB350,WOP,CPE,LBB350,RTR OPERE,HARDWARE,OBS,CHASSIS,CPE WOP,CPE,0,1.0,,,,,,,1.0,CPE,Router,WOP,INUIT-OPERE,False,,,
230,M1000,M1000,LANTIME M1000-IMS-ACM,SYNCHRO,SYNCHRO,TCC_NTP,M1000,HARDWARE,MEINBERG,CHASSIS,HORLOGE,NTP,0,,,,,,,,1.0,NTP,Timing equipment,SYN,INUIT-SYNCHRO,False,,,
231,MC-4G-LTE-G,MC-4G-LTE-G,MC-4G-LTE-G,LAN,FED,4G-LTE,C819,HARDWARE,CISCO,MODULE,ROUTEUR,FED,0,,,,,,,,,,,,,False,,,
232,MODSATX3,MODSATX3,Modem Satellite X3,WOP,MOD,,MODEM SAT,HARDWARE,OBS,CHASSIS,,MOD,0,,,,,,,,1.0,MOD,Modem,WOP,INUIT-MODEM,False,,,
233,ONE90,ONE90,LIVE BOX CPE ORANGE ONE90,WOP,CPE,ONE90,RTR OPERE,HARDWARE,OBS,CHASSIS,CPE WOP,CPE,0,1.0,,,,,,,1.0,CPE,Router,WOP,INUIT-OPERE,False,,,
234,OSA3230B,OSA-3230B,OSA-3230B,SYNCHRO,SYNCHRO,OSA,OSA-3230B,HARDWARE,OSCILLOQUARTZ,CHASSIS,HORLOGE,CES,5435,,,,,,,,1.0,CES,Timing equipment,SYN,INUIT-SYNCHRO,False,,,
235,OSA5210,OSA5210,OSA 5210,SYNCHRO,SYNCHRO,OSA,OSA 5210,HARDWARE,OSCILLOQUARTZ,CHASSIS,HORLOGE,SSU,5435,,,,,,,,1.0,SSU,Timing equipment,SYN,INUIT-SYNCHRO,False,,,
236,OSA5548C,OSA-5548C,OSA 5548C,SYNCHRO,SYNCHRO,OSA,OSA 5548C,HARDWARE,OSCILLOQUARTZ,CHASSIS,HORLOGE,PRC,16230,,,,,,,,1.0,PRC,Timing equipment,SYN,INUIT-SYNCHRO,False,,,
237,PWR2-20W-24VDC,PWR2-20W-24VDC,C819(H)GW 24V DC power supply,LAN,FED,4G-LTE,PWR2-20W-24VDC,HARDWARE,CISCO,ALIM,ALIMENTATION,FED,0,,,,,,,,,,,,,False,,ALIMENTATION,
238,PWR2-20W-AC,PWR2-20W-AC,C819 20W AC power supply with WiFi,LAN,FED,4G-LTE,PWR2-20W-AC,HARDWARE,CISCO,ALIM,ALIMENTATION,FED,0,,,,,,,,,,,,,False,,ALIMENTATION,
239,PWR-4330-AC,PWR-4330-AC,PWR-4330-AC,LAN,FED,,PWR-4330-AC,HARDWARE,CISCO,ALIM,ALIMENTATION,PE,0,,,,,,,,,FED,LAN Switch,LAN,ALIMENTATION,True,2018-07-30 17:02:13,ALIMENTATION,
240,PWR-C2-250WAC,PWR-C2-250WAC,PWR-C2-250WAC,LAN,FED,,PWR-C2-250WAC,HARDWARE,CISCO,ALIM,ALIMENTATION,FED,0,,,,,,,,,FED,LAN Switch,LAN,ALIMENTATION,False,,ALIMENTATION,
241,PWR-C2-250WAC/2,PWR-C2-250WAC/2,PWR-C2-250WAC/2,LAN,FED,,,HARDWARE,CISCO,ALIM,ALIMENTATION,FED,0,,,,,,,,,,,,,False,,ALIMENTATION,
242,PWR-C2-250WAC=,PWR-C2-250WAC,250W AC Config 2 Power Supply Spare,LAN,FED,,PWR-C2-250WAC,HARDWARE,CISCO,ALIM,ALIMENTATION,FED,0,,,,,,,,,FED,LAN Switch,LAN,ALIMENTATION,False,,ALIMENTATION,
243,PWR-C2-640WAC,PWR-C2-640WAC,PWR-C2-640WAC,LAN,FED,,,HARDWARE,CISCO,ALIM,ALIMENTATION,FED,0,,,,,,,,,,,,,False,,ALIMENTATION,
244,PWR-C2-640WDC,PWR-C2-640WDC,PWR-C2-640WDC,LAN,FED,,PWR-C2-640WAC,HARDWARE,CISCO,ALIM,ALIMENTATION,FED,0,,,,,,,,,FED,LAN Switch,LAN,ALIMENTATION,False,,ALIMENTATION,
245,PWR-C2-640WDC/2,PWR-C2-640WDC/2,PWR-C2-640WDC/2,LAN,FED,,,HARDWARE,CISCO,ALIM,ALIMENTATION,FED,0,,,,,,,,,,,,,False,,ALIMENTATION,
246,PWR-IE50W-AC,PWR-IE50W-AC,IE3000/2000 AC Power Module (updated),LAN,FED,,PWR-IE50W-AC,HARDWARE,CISCO,ALIM,ALIMENTATION,FED,0,,,,,,,,,FED,LAN Switch,LAN,ALIMENTATION,False,,ALIMENTATION,
247,PWR-IE65W-PC-DC,PWR-IE65W-PC-DC,POE DC Input Power Module for IE3000/2000,LAN,FED,,PWR-IE65W-PC-DC,HARDWARE,CISCO,ALIM,ALIMENTATION,FED,0,,,,,,,,,FED,LAN Switch,LAN,ALIMENTATION,False,,ALIMENTATION,
248,PWR-RGD-AC-DC,PWR-RGD-AC-DC,Hgh AC/DC (88-300VDC/85-264VAC) Pwr Sup for CGR2010/CGS2520,LAN,FED,,PWR-RGD-AC-DC,HARDWARE,CISCO,ALIM,ALIMENTATION,FED,0,,,,,,,,,FED,LAN Switch,LAN,ALIMENTATION,False,,ALIMENTATION,
249,PWR-RGD-AC-DCV02,PWR-RGD-AC-DC,Hgh AC/DC (88-300VDC/85-264VAC) Pwr Sup for CGR2010/CGS2520,LAN,FED,,,HARDWARE,CISCO,ALIM,ALIMENTATION,FED,0,,,,,,,,,,,,,False,,ALIMENTATION,
250,PWR-RGD-LOW-DC,PWR-RGD-LOW-DC,Low DC (24/48VDC) Power Supply for CGR2010/CGS2520,LAN,FED,2520,PWR-RGD-LOW-DC,HARDWARE,CISCO,ALIM,ALIMENTATION,FED,0,,,,,,High AC/DC (88-300VDC/85-264VAC) Pwr Sup for CGR2010/CGS2520,,,FED,LAN Switch,LAN,ALIMENTATION,False,,ALIMENTATION,
251,PWR-RGD-LOW-DC=,PWR-RGD-LOW-DC=,,,,,,,CISCO,ALIM,,,0,,,,,,,,,,,,,True,2018-04-06 17:02:13,ALIMENTATION,
252,S252ILK9-15002ED,S252ILK9-15002ED,Cisco 2520 OS,LAN,FED,2520,2520,SOFTWARE,CISCO,OS,2520,FED,728,,,,,,Cisco GS 2520 IP SERVICES WITH EXPRESS SETUP,,,,,,,False,,,
253,S3650UK9-16.9.4,S3650UK9-16.9.4,Cisco 3650-10G OS,LAN,FED,3650,3650,SOFTWARE,CISCO,OS,3650,FED,0,,,,,,CAT3650 LDPE (DTLS disabled) Universal k9 image,,,,,,,False,,,
254,S3650UK9-33SE,S3650UK9-33SE,Cisco 3650-10G OS,LAN,FED,3650,3650,SOFTWARE,CISCO,OS,3650,FED,0,,,,,,CAT3650 LDPE (DTLS disabled) Universal k9 image,,,,,,,False,,,
255,S3650ULPEK9-33SE,S3650ULPEK9-33SE,Cisco 3650-1G OS,LAN,FED,3650,3650,SOFTWARE,CISCO,OS,3650,FED,0,,,,,,,,,,,,,False,,,
256,SFP-10G-LR,SFP-10G-LR,10GBASE-LR SFP Module,LAN,FED,,3650,HARDWARE,CISCO,SFP,10GBASE LR,FED,0,,,,,,,,,FED,LAN Switch,LAN,TELECOM,True,2018-07-04 12:25:17,,
257,SFP-10G-SR,SFP-10G-SR,10GBASE-SR SFP Module,LAN,FED,,10GBASE SR,HARDWARE,CISCO,SFP,10GBASE SR,FED,0,,,,,,,,,FED,LAN Switch,LAN,TELECOM,False,,,
258,SFP-10G-SR=,SFP-10G-SR=,,,,,,,CISCO,SFP,,,0,,,,,,,,,,,,,True,2018-04-06 17:15:29,,
259,SFP-10G-SR-S,SFP-10G-SR-S,"10GBASE-SR SFP Module, Enterprise-Class",LAN,FED,,10GBASE-SR,HARDWARE,CISCO,SFP,,FED,0,,,,,,,,,FED,LAN Switch,LAN,TELECOM,False,,,
260,SFP-H10GB-CU5M,SFP-H10GB-CU5M,10GBASE-CU SFP+ Cable 5 Meter,LAN,FED,,10GBASE-CU,HARDWARE,CISCO,SFP,10GBASE CU,FED,0,,,,,,,,,FED,LAN Switch,LAN,TELECOM,False,,,
261,SLC8048,SLC8048,SLC8048,SRV,SRV,8000,SLC8048,HARDWARE,LANTRONIX,CHASSIS,SLC8048,SRV,0,,,,,,,,1.0,,,,,True,2018-07-30 15:27:45,,
262,SPA-1X10GE-L-V2,SPA-1X10GE-L-V2,Cisco 1-Port  10GE LAN-PHY Shared Port Adapter,WAN,,ASR1004,SPA-1X10GE-L-V2,HARDWARE,CISCO,CARTE,,,0,,,,,,,,,,,,,False,,,
263,STACK-T2-50CM,STACK-T2-50CM,stack cable,,FED,,,HARDWARE,CISCO,CABLE,,FED,0,,,,,,,,,,,,,False,,,
264,SWAP1600-RCOVRY-K9,SWAP1600-RCOVRY-K9,SWAP1600-RCOVRY-K9 :,LAN,WIFI,AIR-AP,1600,SOFTWARE,CISCO,OS,1600,AP,0,,,,,,Licence,,,WAP01,Access points and bridges,LAN,INUIT-BORNE WIFI,False,,,
265,SWAP1800-RCOVRY-K9,SWAP1800-RCOVRY-K9,SWAP1800-RCOVRY-K9,LAN,WIFI,AIR-AP,1800,SOFTWARE,CISCO,OS,1800,AP,0,,,,,,,,,WAP01,Access points and bridges,LAN,INUIT-BORNE WIFI,False,,,
266,UCSB-5108-AC2,UCSB-5108-AC2,UCS,,SRV,,,HARDWARE,CISCO,CHASSIS,,,0,,,,,,,,,,,,,False,,,
267,UCSB-B200-M4-U,UCSB-B200-M4-U,UCS,,SRV,,,HARDWARE,CISCO,CHASSIS,,,0,,,,,,,,,,,,,False,,,
268,UCS-FI-M-6324-UPG,UCS-FI-M-6324-UPG,UCS,,SRV,,,HARDWARE,CISCO,CHASSIS,,,0,,,,,,,,,,,,,False,,,
269,WS-C2960S-24TS-L,WS-C2960X-24TS-L,"Catalyst 2960-S 24 GigE, 4 x 1G SFP, LAN Base",LAN,FED,2960,C2960S-24TS-L,HARDWARE,CISCO,CHASSIS,C2960S-24TS-L,FED,0,,,,,,,,1.0,FED,LAN Switch,LAN,INUIT-FEDERATEUR,False,,TELECOM,
270,WS-C2960X-24TS-L,WS-C2960X-24TS-L,"Catalyst 2960-X 24 GigE, 4 x 1G SFP, LAN Base",LAN,FED,2960,C2960X-24TS-L,HARDWARE,CISCO,CHASSIS,C2960X-24TS-L,FED,0,,,,,,,,1.0,FED,LAN Switch,LAN,INUIT-FEDERATEUR,False,,TELECOM,
271,WS-C2960XR-24TS-I,WS-C2960XR-24TS-I,"Catalyst 2960-XR 24 GigE, 4 x 1G SFP, IP Lite",LAN,FED,2960,2960XR 24TS,HARDWARE,CISCO,CHASSIS,2960XR 24TS,FED,0,1.0,1.0,,WS-C2960XR-24TS-I.PNG,,,,1.0,FED,LAN Switch,LAN,INUIT-FEDERATEUR,False,,TELECOM,Version 15.0(2a)EX5
272,WS-C2960XR-48LPS-I,WS-C2960XR-48LPS-I,"Catalyst 2960-XR 48 GigE PoE 370W, 4 x 1G SFP, IP Lite",LAN,FED,2960,XR 48LPS,HARDWARE,CISCO,CHASSIS,2960XR 48LPS,FED,0,,,,,,,,1.0,FED,LAN Switch,LAN,INUIT-FEDERATEUR,False,,TELECOM,"Cisco IOS Software, CGS2520 Software (CGS2520-IPSERVICESK9-M), Version 15.2(2)E3, RELEASE SOFTWARE (fc3)"
273,WS-C2960XR-48TS-I,WS-C2960XR-48TS-I,"Catalyst 2960-XR 48 GigE, 4 x 1G SFP, IP Lite",LAN,FED,2960,2950XR 48TS,HARDWARE,CISCO,CHASSIS,2950XR 48TS,FED,0,1.0,1.0,,WS-C2960XR-48TS-I.PNG,,,,1.0,FED,LAN Switch,LAN,INUIT-FEDERATEUR,False,,TELECOM,Version 15.0(2a)EX5
274,WS-C3650-24TD-E,WS-C3650-24TD-E,Cisco Catalyst 3650 24 Port Data 2x10G Uplink IP Services,LAN,FED,3650,C3650-24TD,HARDWARE,CISCO,CHASSIS,3650,FED,9300,1.0,1.0,,WS-C3650-24TD-E.PNG,,Cisco Catalyst 3650 24 Port Data 2x10G Uplink IP Services,,1.0,FED,LAN Switch,LAN,INUIT-FEDERATEUR,False,,TELECOM,"Cisco IOS Software, IOS-XE Software, Catalyst L3 Switch Software (CAT3K_CAA-UNIVERSALK9-M), Version 03.03.05.SE RELEASE SOFTWARE (fc1)"
275,WS-C3650-24TS-E,WS-C3650-24TS-E,Cisco Catalyst 3650 24 Port Data 4x1G Uplink IP Services,LAN,FED,3650,C3650-24TS,HARDWARE,CISCO,CHASSIS,3650,FED,7800,1.0,1.0,,WS-C3650-24TS-E.PNG,,,,1.0,FED,LAN Switch,LAN,INUIT-FEDERATEUR,False,,TELECOM,"Cisco IOS Software, IOS-XE Software, Catalyst L3 Switch Software (CAT3K_CAA-UNIVERSALK9-M), Version 03.03.05.SE RELEASE SOFTWARE (fc1)"
276,WS-C3650-48TQ-E,WS-C3650-48TQ-E,ChâssisCisco3650-10G,LAN,FED,3650,C3650-48TQ,HARDWARE,CISCO,CHASSIS,3650,FED,0,1.0,1.0,,WS-C3650-48TQ-E.PNG,,,,1.0,FED,LAN Switch,LAN,INUIT-FEDERATEUR,False,2020-03-09 13:47:51,TELECOM,"Cisco IOS Software [Fuji], Catalyst L3 Switch Software (CAT3K_CAA-UNIVERSALK9-M), Version 16.9.4, RELEASE SOFTWARE (fc2)"
277,WS-C4500X-16SFP+,WS-C4500X-16SFP+,"Catalyst 4500-X 16 Port 10G IP Base, Front-to-Back, No P/S",LAN,FED,4500X,16SFP,HARDWARE,CISCO,CHASSIS,4500X 16SFP,FED,0,1.0,1.0,,WS-C4500X-16SFP+.PNG,,,,1.0,FED,ICX  Switch,ICX,INUIT-FEDERATEUR,False,,TELECOM, Version 03.08.01.E
278,WS-C4500X-32SFP+,WS-C4500X-32SFP+,"Catalyst 4500-X 32 Port 10G IP Base, Front-to-Back, No P/S",LAN,FED,4500X,32SFP,HARDWARE,CISCO,CHASSIS,4500X 32 SFP,FED,0,1.0,1.0,,WS-C4500X-32SFP+.PNG,,,,1.0,FED,ICX  Switch,ICX,INUIT-FEDERATEUR,False,,TELECOM, Version 03.08.01.E
279,X2065A-R6,X2065A-R6,Network Appliance NAS,,SRV,,,HARDWARE,NETAPP,CHASSIS,,,0,,,,,,,,,,,,,False,,,
280,X306A-R5,X306A-R5,Network Appliance NAS,,SRV,,,HARDWARE,NETAPP,CHASSIS,,,0,,,,,,,,,,,,,False,,,
281,X425A-R6,X425A-R6,Network Appliance NAS,,SRV,,,HARDWARE,NETAPP,CHASSIS,,,0,,,,,,,,,,,,,False,,,
282,X438A-R6,X438A-R6,Network Appliance NAS,,SRV,,,HARDWARE,NETAPP,CHASSIS,,,0,,,,,,,,,,,,,False,,,
283,X763-R6,X763-R6,Network Appliance NAS,,SRV,,,HARDWARE,NETAPP,CHASSIS,,,0,,,,,,,,,,,,,False,,,
284,XFP-10G-MM-SR,XFP-10G-MM-SR,10GBASE-SR XFP Module,LAN,PE,,XFP-10G-MM-SR,HARDWARE,CISCO,SFP,,PE,0,,,,,,,,,,,,,False,,,
